Passage Pair,L2 Distance,Cosine Similarity
0-1,13.099185943603516,0.7844624519348145
0-2,14.539494514465332,0.7252188324928284
0-3,18.856403350830078,0.5363796949386597
1-2,12.163578033447266,0.8012090921401978
1-3,18.410152435302734,0.5437346696853638
2-3,18.656126022338867,0.5109168291091919
Min L2,12.163578033447266,
Avg L2,15.954156716664633,
Min Cos,,0.5109168291091919
Avg Cos,,0.6503202617168427
