Passage Pair,L2 Distance,Cosine Similarity
0-1,18.00284767150879,0.5775957107543945
0-2,13.893448829650879,0.7622247934341431
0-3,14.466859817504883,0.7613015174865723
1-2,19.129446029663086,0.5150591135025024
1-3,20.232614517211914,0.5013967752456665
2-3,12.148988723754883,0.830665111541748
Min L2,12.148988723754883,
Avg L2,16.31236759821574,
Min Cos,,0.5013967752456665
Avg Cos,,0.6580405036608378
