Passage Pair,L2 Distance,Cosine Similarity
0-1,14.937514305114746,0.6906222105026245
0-2,15.915867805480957,0.6407240629196167
0-3,18.68138313293457,0.5112494230270386
1-2,15.833654403686523,0.642042875289917
1-3,19.789791107177734,0.4480106830596924
2-3,19.74699592590332,0.4371756315231323
Min L2,14.937514305114746,
Avg L2,17.484201113382976,
Min Cos,,0.4371756315231323
Avg Cos,,0.5616374810536703
