Passage Pair,L2 Distance,Cosine Similarity
0-1,17.195646286010742,0.6282815933227539
0-2,19.30331039428711,0.5405926704406738
0-3,18.596477508544922,0.576201319694519
1-2,12.323180198669434,0.8028369545936584
1-3,12.080061912536621,0.8119192123413086
2-3,14.867589950561523,0.7207483053207397
Min L2,12.080061912536621,
Avg L2,15.727711041768393,
Min Cos,,0.5405926704406738
Avg Cos,,0.6800966759522756
