Passage Pair,L2 Distance,Cosine Similarity
0-1,19.253292083740234,0.5219981670379639
0-2,19.302858352661133,0.5203673839569092
0-3,19.29884147644043,0.5126702189445496
1-2,13.274476051330566,0.7928516864776611
1-3,18.87189483642578,0.5757006406784058
2-3,17.935245513916016,0.6173592209815979
Min L2,13.274476051330566,
Avg L2,17.989434719085693,
Min Cos,,0.5126702189445496
Avg Cos,,0.5901578863461813
