Passage Pair,L2 Distance,Cosine Similarity
0-1,11.010451316833496,0.8337218761444092
0-2,9.499423027038574,0.8759756088256836
0-3,18.12335968017578,0.5329327583312988
1-2,9.302238464355469,0.8777965903282166
1-3,16.341970443725586,0.6100555658340454
2-3,17.009584426879883,0.5759454965591431
Min L2,9.302238464355469,
Avg L2,13.547837893168131,
Min Cos,,0.5329327583312988
Avg Cos,,0.7177379826704661
