Passage Pair,L2 Distance,Cosine Similarity
0-1,16.17489242553711,0.6648106575012207
0-2,19.161529541015625,0.47445908188819885
0-3,14.160965919494629,0.739892840385437
1-2,20.041976928710938,0.44505995512008667
1-3,12.806334495544434,0.7935539484024048
2-3,19.634435653686523,0.46006929874420166
Min L2,12.806334495544434,
Avg L2,16.996689160664875,
Min Cos,,0.44505995512008667
Avg Cos,,0.5963076303402582
