Passage Pair,L2 Distance,Cosine Similarity
0-1,13.790318489074707,0.7576849460601807
0-2,18.4057559967041,0.5385517477989197
0-3,17.701351165771484,0.5933364629745483
1-2,18.670982360839844,0.5274966955184937
1-3,18.60483169555664,0.5528031587600708
2-3,19.40658950805664,0.4785272479057312
Min L2,13.790318489074707,
Avg L2,17.763304869333904,
Min Cos,,0.4785272479057312
Avg Cos,,0.5747333765029907
