Passage Pair,L2 Distance,Cosine Similarity
0-1,24.130390167236328,0.2851283550262451
0-2,24.186214447021484,0.2588576078414917
0-3,24.450225830078125,0.23971018195152283
1-2,12.552047729492188,0.7965913414955139
1-3,12.935464859008789,0.7832063436508179
2-3,10.934662818908691,0.8393757939338684
Min L2,10.934662818908691,
Avg L2,18.1981676419576,
Min Cos,,0.23971018195152283
Avg Cos,,0.5338116039832433
