Passage Pair,L2 Distance,Cosine Similarity
0-1,18.386932373046875,0.5733219385147095
0-2,11.718017578125,0.8128365278244019
0-3,15.354869842529297,0.6842435598373413
1-2,18.532350540161133,0.5689626932144165
1-3,20.010774612426758,0.5044460296630859
2-3,14.76077938079834,0.7100719809532166
Min L2,11.718017578125,
Avg L2,16.460620721181233,
Min Cos,,0.5044460296630859
Avg Cos,,0.6423137883345286
