Passage Pair,L2 Distance,Cosine Similarity
0-1,19.30521011352539,0.4529355466365814
0-2,18.882875442504883,0.47314709424972534
0-3,19.406024932861328,0.4544753432273865
1-2,13.294538497924805,0.7574892044067383
1-3,12.221356391906738,0.7986485362052917
2-3,13.0440092086792,0.7693354487419128
Min L2,12.221356391906738,
Avg L2,16.02566909790039,
Min Cos,,0.4529355466365814
Avg Cos,,0.617671862244606
