Passage Pair,L2 Distance,Cosine Similarity
0-1,11.391773223876953,0.8276200294494629
0-2,10.784280776977539,0.8464114665985107
0-3,17.045995712280273,0.6212751865386963
1-2,11.810949325561523,0.8136078119277954
1-3,17.294052124023438,0.6057405471801758
2-3,17.863933563232422,0.5817834734916687
Min L2,10.784280776977539,
Avg L2,14.365164120992025,
Min Cos,,0.5817834734916687
Avg Cos,,0.716073085864385
