Passage Pair,L2 Distance,Cosine Similarity
0-1,18.206600189208984,0.5934252738952637
0-2,19.31939697265625,0.5212246179580688
0-3,18.991140365600586,0.5293549299240112
1-2,11.875178337097168,0.8214707374572754
1-3,10.299443244934082,0.864432156085968
2-3,11.85700511932373,0.8090597987174988
Min L2,10.299443244934082,
Avg L2,15.091460704803467,
Min Cos,,0.5212246179580688
Avg Cos,,0.6898279190063477
