Passage Pair,L2 Distance,Cosine Similarity
0-1,13.055017471313477,0.7212680578231812
0-2,11.99410343170166,0.7591416239738464
0-3,17.66053581237793,0.5154078006744385
1-2,13.453568458557129,0.7139018774032593
1-3,17.602495193481445,0.5424474477767944
2-3,17.194894790649414,0.5556105971336365
Min L2,11.99410343170166,
Avg L2,15.160102526346842,
Min Cos,,0.5154078006744385
Avg Cos,,0.6346295674641927
