Passage Pair,L2 Distance,Cosine Similarity
0-1,13.360243797302246,0.7615823745727539
0-2,13.653039932250977,0.7584293484687805
0-3,23.04933738708496,0.26819154620170593
1-2,13.843167304992676,0.7450351119041443
1-3,22.447246551513672,0.2847762703895569
2-3,23.300952911376953,0.2550032138824463
Min L2,13.360243797302246,
Avg L2,18.275664647420246,
Min Cos,,0.2550032138824463
Avg Cos,,0.5121696442365646
