Passage Pair,L2 Distance,Cosine Similarity
0-1,15.906035423278809,0.6885164976119995
0-2,17.190519332885742,0.6576852798461914
0-3,19.745256423950195,0.5441656112670898
1-2,12.652597427368164,0.8061661124229431
1-3,17.70171356201172,0.6144566535949707
2-3,18.542572021484375,0.6022387742996216
Min L2,12.652597427368164,
Avg L2,16.956449031829834,
Min Cos,,0.5441656112670898
Avg Cos,,0.652204821507136
