Passage Pair,L2 Distance,Cosine Similarity
0-1,16.268817901611328,0.6725231409072876
0-2,14.009922981262207,0.7429524660110474
0-3,20.205841064453125,0.47933220863342285
1-2,14.453128814697266,0.7339420318603516
1-3,20.065933227539062,0.4990048110485077
2-3,19.298707962036133,0.5087756514549255
Min L2,14.009922981262207,
Avg L2,17.38372532526652,
Min Cos,,0.47933220863342285
Avg Cos,,0.6060883849859238
