Passage Pair,L2 Distance,Cosine Similarity
0-1,14.694262504577637,0.7139583826065063
0-2,11.891240119934082,0.8132814168930054
0-3,18.255237579345703,0.5351600646972656
1-2,13.52445125579834,0.7596851587295532
1-3,17.646183013916016,0.5682703256607056
2-3,18.52753448486328,0.5255614519119263
Min L2,11.891240119934082,
Avg L2,15.756484826405844,
Min Cos,,0.5255614519119263
Avg Cos,,0.6526528000831604
