Passage Pair,L2 Distance,Cosine Similarity
0-1,14.246498107910156,0.7142102718353271
0-2,15.487822532653809,0.6473555564880371
0-3,15.8053617477417,0.6673411726951599
1-2,15.781167030334473,0.6288509368896484
1-3,14.022558212280273,0.7358117699623108
2-3,16.159345626831055,0.6350967884063721
Min L2,14.022558212280273,
Avg L2,15.25045887629191,
Min Cos,,0.6288509368896484
Avg Cos,,0.6714444160461426
