Passage Pair,L2 Distance,Cosine Similarity
0-1,18.971355438232422,0.46611395478248596
0-2,8.597616195678711,0.8938089609146118
0-3,11.14525032043457,0.8286373615264893
1-2,19.93252944946289,0.39709532260894775
1-3,19.766752243041992,0.43334218859672546
2-3,10.75714111328125,0.8376449346542358
Min L2,8.597616195678711,
Avg L2,14.861774126688639,
Min Cos,,0.39709532260894775
Avg Cos,,0.6427737871805826
