Passage Pair,L2 Distance,Cosine Similarity
0-1,20.233108520507812,0.41394466161727905
0-2,15.14728832244873,0.6715520620346069
0-3,13.196866989135742,0.7465865612030029
1-2,21.38284683227539,0.3727996349334717
1-3,20.08633804321289,0.4383016526699066
2-3,12.948282241821289,0.7663667798042297
Min L2,12.948282241821289,
Avg L2,17.165788491566975,
Min Cos,,0.3727996349334717
Avg Cos,,0.5682585587104162
