Passage Pair,L2 Distance,Cosine Similarity
0-1,13.180948257446289,0.7401152849197388
0-2,21.47953224182129,0.3682270050048828
0-3,15.609530448913574,0.6407384872436523
1-2,21.999635696411133,0.3263571858406067
1-3,16.205385208129883,0.6058038473129272
2-3,21.492753982543945,0.3656769096851349
Min L2,13.180948257446289,
Avg L2,18.327964305877686,
Min Cos,,0.3263571858406067
Avg Cos,,0.5078197866678238
