Passage Pair,L2 Distance,Cosine Similarity
0-1,16.668367385864258,0.6222360134124756
0-2,16.90683937072754,0.6030484437942505
0-3,19.936437606811523,0.48125386238098145
1-2,10.625653266906738,0.8527269959449768
1-3,13.480151176452637,0.7760598659515381
2-3,14.772340774536133,0.7267813682556152
Min L2,10.625653266906738,
Avg L2,15.398298263549805,
Min Cos,,0.48125386238098145
Avg Cos,,0.6770177582899729
