Passage Pair,L2 Distance,Cosine Similarity
0-1,18.96581268310547,0.5491955280303955
0-2,11.135233879089355,0.8371331691741943
0-3,10.612205505371094,0.853986918926239
1-2,19.553953170776367,0.5071702003479004
1-3,20.14984893798828,0.4837910234928131
2-3,11.90632152557373,0.8105514049530029
Min L2,10.612205505371094,
Avg L2,15.387229283650717,
Min Cos,,0.4837910234928131
Avg Cos,,0.6736380408207575
