Passage Pair,L2 Distance,Cosine Similarity
0-1,12.291735649108887,0.8022271394729614
0-2,19.682783126831055,0.45016032457351685
0-3,10.181671142578125,0.8709789514541626
1-2,20.883251190185547,0.36560478806495667
1-3,10.847382545471191,0.8513017892837524
2-3,21.973459243774414,0.33615612983703613
Min L2,10.181671142578125,
Avg L2,15.97671381632487,
Min Cos,,0.33615612983703613
Avg Cos,,0.6127381871143976
