Passage Pair,L2 Distance,Cosine Similarity
0-1,16.30368995666504,0.6801789999008179
0-2,20.675018310546875,0.4395480751991272
0-3,15.878349304199219,0.6997207403182983
1-2,19.07684326171875,0.5089935064315796
1-3,15.879012107849121,0.6920689940452576
2-3,19.965892791748047,0.4686691462993622
Min L2,15.878349304199219,
Avg L2,17.963134288787842,
Min Cos,,0.4395480751991272
Avg Cos,,0.5815299103657404
