Passage Pair,L2 Distance,Cosine Similarity
0-1,16.206523895263672,0.6420672535896301
0-2,15.385003089904785,0.6823000907897949
0-3,15.775303840637207,0.6539216041564941
1-2,11.866955757141113,0.8071990013122559
1-3,15.768805503845215,0.6463865041732788
2-3,13.402897834777832,0.7490745782852173
Min L2,11.866955757141113,
Avg L2,14.734248320261637,
Min Cos,,0.6420672535896301
Avg Cos,,0.6968248387177786
