Passage Pair,L2 Distance,Cosine Similarity
0-1,16.086393356323242,0.5895301103591919
0-2,17.23200035095215,0.5677269697189331
0-3,15.754847526550293,0.649005115032196
1-2,12.701004981994629,0.757735013961792
1-3,13.039201736450195,0.7532482147216797
2-3,12.36764144897461,0.7915651798248291
Min L2,12.36764144897461,
Avg L2,14.530181566874186,
Min Cos,,0.5677269697189331
Avg Cos,,0.6848017672697703
