Passage Pair,L2 Distance,Cosine Similarity
0-1,17.490732192993164,0.5977058410644531
0-2,18.492904663085938,0.5331228375434875
0-3,16.86054801940918,0.6202592849731445
1-2,11.760292053222656,0.8019405007362366
1-3,11.082087516784668,0.8277879953384399
2-3,10.883626937866211,0.8267059326171875
Min L2,10.883626937866211,
Avg L2,14.428365230560303,
Min Cos,,0.5331228375434875
Avg Cos,,0.7012537320454916
