Passage Pair,L2 Distance,Cosine Similarity
0-1,14.317416191101074,0.6803216338157654
0-2,17.674821853637695,0.5357186794281006
0-3,14.28837776184082,0.6894777417182922
1-2,18.436901092529297,0.4899425506591797
1-3,13.406730651855469,0.7239948511123657
2-3,17.962514877319336,0.5269502401351929
Min L2,13.406730651855469,
Avg L2,16.014460404713947,
Min Cos,,0.4899425506591797
Avg Cos,,0.6077342828114828
