Passage Pair,L2 Distance,Cosine Similarity
0-1,13.510931015014648,0.7659751176834106
0-2,13.502455711364746,0.7607414722442627
0-3,15.702048301696777,0.6620332598686218
1-2,9.969400405883789,0.871508002281189
1-3,18.130111694335938,0.5556033253669739
2-3,17.84853172302246,0.5578080415725708
Min L2,9.969400405883789,
Avg L2,14.777246475219727,
Min Cos,,0.5556033253669739
Avg Cos,,0.6956115365028381
