Passage Pair,L2 Distance,Cosine Similarity
0-1,12.110346794128418,0.7881553173065186
0-2,16.223047256469727,0.6376922726631165
0-3,20.4167537689209,0.3621383011341095
1-2,17.31218147277832,0.5899938344955444
1-3,20.384754180908203,0.3693932294845581
2-3,21.74578285217285,0.3171015977859497
Min L2,12.110346794128418,
Avg L2,18.03214438756307,
Min Cos,,0.3171015977859497
Avg Cos,,0.5107457588116328
