Passage Pair,L2 Distance,Cosine Similarity
0-1,19.892351150512695,0.4380268454551697
0-2,20.3067626953125,0.4327307343482971
0-3,17.127498626708984,0.5913224816322327
1-2,12.23963737487793,0.7990658283233643
1-3,15.371763229370117,0.6786240339279175
2-3,15.585439682006836,0.6792269945144653
Min L2,12.23963737487793,
Avg L2,16.75390879313151,
Min Cos,,0.4327307343482971
Avg Cos,,0.6031661530335745
