Passage Pair,L2 Distance,Cosine Similarity
0-1,17.353431701660156,0.608838677406311
0-2,14.469618797302246,0.7237606644630432
0-3,11.558987617492676,0.8220979571342468
1-2,16.053726196289062,0.6723377704620361
1-3,16.745168685913086,0.6405270099639893
2-3,14.516117095947266,0.725670337677002
Min L2,11.558987617492676,
Avg L2,15.116175015767416,
Min Cos,,0.608838677406311
Avg Cos,,0.6988720695177714
