Passage Pair,L2 Distance,Cosine Similarity
0-1,18.37407875061035,0.5073844194412231
0-2,17.777748107910156,0.5308210253715515
0-3,19.482288360595703,0.4695017337799072
1-2,16.954875946044922,0.5410548448562622
1-3,13.212723731994629,0.7405546307563782
2-3,17.455671310424805,0.5379846096038818
Min L2,13.212723731994629,
Avg L2,17.209564367930096,
Min Cos,,0.4695017337799072
Avg Cos,,0.5545502106348673
