Passage Pair,L2 Distance,Cosine Similarity
0-1,10.11454963684082,0.8563492298126221
0-2,18.254179000854492,0.5617493987083435
0-3,14.623421669006348,0.7079341411590576
1-2,18.631202697753906,0.5629936456680298
1-3,13.903385162353516,0.747538149356842
2-3,18.25164222717285,0.5905444622039795
Min L2,10.11454963684082,
Avg L2,15.629730065663656,
Min Cos,,0.5617493987083435
Avg Cos,,0.6711848378181458
