Passage Pair,L2 Distance,Cosine Similarity
0-1,18.23856544494629,0.535888671875
0-2,16.30097198486328,0.6229973435401917
0-3,16.94381332397461,0.5855202674865723
1-2,12.424078941345215,0.7942283749580383
1-3,14.137360572814941,0.7297095060348511
2-3,13.157270431518555,0.7619366645812988
Min L2,12.424078941345215,
Avg L2,15.200343449910482,
Min Cos,,0.535888671875
Avg Cos,,0.6717134714126587
