Passage Pair,L2 Distance,Cosine Similarity
0-1,16.758333206176758,0.6142136454582214
0-2,17.152769088745117,0.615975022315979
0-3,16.537559509277344,0.6432603597640991
1-2,11.767736434936523,0.8065681457519531
1-3,10.648358345031738,0.8420659303665161
2-3,9.507868766784668,0.8798990249633789
Min L2,9.507868766784668,
Avg L2,13.728770891825357,
Min Cos,,0.6142136454582214
Avg Cos,,0.7336636881033579
