Passage Pair,L2 Distance,Cosine Similarity
0-1,18.069425582885742,0.5282160043716431
0-2,18.167409896850586,0.5082345604896545
0-3,17.9963436126709,0.5193260312080383
1-2,14.93051528930664,0.6794863343238831
1-3,14.470948219299316,0.699988842010498
2-3,15.712732315063477,0.6353309154510498
Min L2,14.470948219299316,
Avg L2,16.55789581934611,
Min Cos,,0.5082345604896545
Avg Cos,,0.5950971146424612
