Passage Pair,L2 Distance,Cosine Similarity
0-1,20.400772094726562,0.44822070002555847
0-2,20.660741806030273,0.45778435468673706
0-3,20.30149269104004,0.43783581256866455
1-2,16.30732536315918,0.6618589162826538
1-3,14.963895797729492,0.6940819621086121
2-3,14.859091758728027,0.7126766443252563
Min L2,14.859091758728027,
Avg L2,17.915553251902264,
Min Cos,,0.43783581256866455
Avg Cos,,0.5687430649995804
