Passage Pair,L2 Distance,Cosine Similarity
0-1,17.179588317871094,0.5898520946502686
0-2,17.080045700073242,0.5836092233657837
0-3,17.592227935791016,0.5622067451477051
1-2,11.891231536865234,0.8053616285324097
1-3,13.09130859375,0.7658894658088684
2-3,12.847749710083008,0.7686276435852051
Min L2,11.891231536865234,
Avg L2,14.947025299072266,
Min Cos,,0.5622067451477051
Avg Cos,,0.6792578001817068
