Passage Pair,L2 Distance,Cosine Similarity
0-1,16.385848999023438,0.6006083488464355
0-2,16.83396339416504,0.5862407088279724
0-3,16.581520080566406,0.5906587839126587
1-2,12.582939147949219,0.7679403424263
1-3,11.929863929748535,0.7871887683868408
2-3,13.671906471252441,0.7257819175720215
Min L2,11.929863929748535,
Avg L2,14.664340337117514,
Min Cos,,0.5862407088279724
Avg Cos,,0.6764031449953715
