Passage Pair,L2 Distance,Cosine Similarity
0-1,14.268978118896484,0.6935842037200928
0-2,17.304183959960938,0.5380126237869263
0-3,11.25991153717041,0.7934309244155884
1-2,17.619646072387695,0.5563545227050781
1-3,13.459429740905762,0.7299569845199585
2-3,17.514053344726562,0.5313614010810852
Min L2,11.25991153717041,
Avg L2,15.237700462341309,
Min Cos,,0.5313614010810852
Avg Cos,,0.6404501100381216
