Passage Pair,L2 Distance,Cosine Similarity
0-1,14.51021671295166,0.7437446117401123
0-2,16.27935791015625,0.6684114933013916
0-3,11.629739761352539,0.8099597692489624
1-2,16.85930633544922,0.6742520332336426
1-3,14.8485689163208,0.726131021976471
2-3,17.45490074157715,0.6087937951087952
Min L2,11.629739761352539,
Avg L2,15.263681729634603,
Min Cos,,0.6087937951087952
Avg Cos,,0.7052154541015625
