Passage Pair,L2 Distance,Cosine Similarity
0-1,13.089876174926758,0.7821649312973022
0-2,18.259855270385742,0.5291560292243958
0-3,11.118841171264648,0.850875198841095
1-2,17.853435516357422,0.528801441192627
1-3,13.706441879272461,0.7665070295333862
2-3,17.91288948059082,0.5596522092819214
Min L2,11.118841171264648,
Avg L2,15.323556582132975,
Min Cos,,0.528801441192627
Avg Cos,,0.6695261398951212
