Passage Pair,L2 Distance,Cosine Similarity
0-1,18.429943084716797,0.4483911097049713
0-2,10.73609733581543,0.8063812255859375
0-3,12.050325393676758,0.7600615620613098
1-2,19.135366439819336,0.4035354256629944
1-3,19.63983726501465,0.3813106417655945
2-3,11.354287147521973,0.7863595485687256
Min L2,10.73609733581543,
Avg L2,15.22430944442749,
Min Cos,,0.3813106417655945
Avg Cos,,0.5976732522249222
