Passage Pair,L2 Distance,Cosine Similarity
0-1,13.33737564086914,0.7403075695037842
0-2,13.157083511352539,0.7638741731643677
0-3,17.353425979614258,0.6253504753112793
1-2,10.7031831741333,0.8380953669548035
1-3,17.83696937561035,0.589556097984314
2-3,18.060874938964844,0.6005613207817078
Min L2,10.7031831741333,
Avg L2,15.074818770090738,
Min Cos,,0.589556097984314
Avg Cos,,0.6929575006167094
