Passage Pair,L2 Distance,Cosine Similarity
0-1,10.21972370147705,0.8330463171005249
0-2,7.181159019470215,0.9179158210754395
0-3,13.226390838623047,0.7148042917251587
1-2,10.550015449523926,0.8217889070510864
1-3,14.739801406860352,0.6434680223464966
2-3,13.051334381103516,0.7218310832977295
Min L2,7.181159019470215,
Avg L2,11.494737466176352,
Min Cos,,0.6434680223464966
Avg Cos,,0.7754757404327393
