Passage Pair,L2 Distance,Cosine Similarity
0-1,18.49277687072754,0.5105452537536621
0-2,11.440869331359863,0.829383134841919
0-3,10.698055267333984,0.8494199514389038
1-2,18.39516258239746,0.5214070081710815
1-3,18.348661422729492,0.5185860991477966
2-3,10.18930435180664,0.8647619485855103
Min L2,10.18930435180664,
Avg L2,14.594138304392496,
Min Cos,,0.5105452537536621
Avg Cos,,0.6823505659898123
