Passage Pair,L2 Distance,Cosine Similarity
0-1,19.446346282958984,0.5049071907997131
0-2,18.49844741821289,0.5833656787872314
0-3,17.412487030029297,0.6181724071502686
1-2,15.200469017028809,0.7170127630233765
1-3,11.922426223754883,0.8197101354598999
2-3,13.539861679077148,0.7824943661689758
Min L2,11.922426223754883,
Avg L2,16.003339608510334,
Min Cos,,0.5049071907997131
Avg Cos,,0.6709437568982443
