Passage Pair,L2 Distance,Cosine Similarity
0-1,17.113365173339844,0.600409984588623
0-2,17.746339797973633,0.5579882860183716
0-3,16.910751342773438,0.5891013145446777
1-2,12.266897201538086,0.8108779191970825
1-3,12.457856178283691,0.8016171455383301
2-3,12.737322807312012,0.7874341011047363
Min L2,12.266897201538086,
Avg L2,14.872088750203451,
Min Cos,,0.5579882860183716
Avg Cos,,0.6912381251653036
