Passage Pair,L2 Distance,Cosine Similarity
0-1,23.26955795288086,0.2590358257293701
0-2,9.04202938079834,0.8850075006484985
0-3,11.983589172363281,0.804892361164093
1-2,23.25934410095215,0.2602836787700653
1-3,23.032318115234375,0.29708540439605713
2-3,12.098889350891113,0.8012493848800659
Min L2,9.04202938079834,
Avg L2,17.114288012186687,
Min Cos,,0.2590358257293701
Avg Cos,,0.5512590259313583
