Passage Pair,L2 Distance,Cosine Similarity
0-1,15.635032653808594,0.6600742340087891
0-2,20.39836883544922,0.41233938932418823
0-3,14.608134269714355,0.6963412761688232
1-2,19.277416229248047,0.43334725499153137
1-3,13.24341106414795,0.7279228568077087
2-3,19.164655685424805,0.4209948182106018
Min L2,13.24341106414795,
Avg L2,17.054503122965496,
Min Cos,,0.41233938932418823
Avg Cos,,0.5585033049186071
