Passage Pair,L2 Distance,Cosine Similarity
0-1,14.718999862670898,0.7037956118583679
0-2,18.365524291992188,0.537108302116394
0-3,16.78489112854004,0.6371419429779053
1-2,17.216524124145508,0.5414962768554688
1-3,16.543941497802734,0.6097993850708008
2-3,17.44584846496582,0.567257285118103
Min L2,14.718999862670898,
Avg L2,16.84595489501953,
Min Cos,,0.537108302116394
Avg Cos,,0.5994331339995066
