Passage Pair,L2 Distance,Cosine Similarity
0-1,11.39260196685791,0.8346389532089233
0-2,12.528485298156738,0.7882879376411438
0-3,17.67757797241211,0.5504962205886841
1-2,11.968257904052734,0.8178377151489258
1-3,18.633056640625,0.5307537317276001
2-3,17.032346725463867,0.5845953822135925
Min L2,11.39260196685791,
Avg L2,14.87205441792806,
Min Cos,,0.5307537317276001
Avg Cos,,0.6844349900881449
