Passage Pair,L2 Distance,Cosine Similarity
0-1,17.071475982666016,0.5848498940467834
0-2,12.42695426940918,0.7736066579818726
0-3,9.450226783752441,0.8711139559745789
1-2,20.88853645324707,0.3761981725692749
1-3,19.251075744628906,0.4779043197631836
2-3,10.734652519226074,0.8331394791603088
Min L2,9.450226783752441,
Avg L2,14.970486958821615,
Min Cos,,0.3761981725692749
Avg Cos,,0.6528020799160004
