Passage Pair,L2 Distance,Cosine Similarity
0-1,8.836662292480469,0.8813421726226807
0-2,15.10280990600586,0.6484598517417908
0-3,7.8913068771362305,0.905258297920227
1-2,15.094111442565918,0.6578266620635986
1-3,7.451581001281738,0.9174284338951111
2-3,14.73840045928955,0.6732552647590637
Min L2,7.451581001281738,
Avg L2,11.519145329793295,
Min Cos,,0.6484598517417908
Avg Cos,,0.7805951138337454
