Passage Pair,L2 Distance,Cosine Similarity
0-1,14.614251136779785,0.710798978805542
0-2,12.419380187988281,0.7948356866836548
0-3,19.78888702392578,0.4608680009841919
1-2,12.579883575439453,0.7745083570480347
1-3,17.464921951293945,0.5493687391281128
2-3,18.55834197998047,0.5018751621246338
Min L2,12.419380187988281,
Avg L2,15.904277642567953,
Min Cos,,0.4608680009841919
Avg Cos,,0.6320424874623617
