Passage Pair,L2 Distance,Cosine Similarity
0-1,20.217342376708984,0.4041843116283417
0-2,21.60783576965332,0.3704283833503723
0-3,21.843698501586914,0.34163928031921387
1-2,12.700221061706543,0.7861091494560242
1-3,12.015124320983887,0.8035409450531006
2-3,10.085463523864746,0.8705941438674927
Min L2,10.085463523864746,
Avg L2,16.411614259084065,
Min Cos,,0.34163928031921387
Avg Cos,,0.5960827022790909
