Passage Pair,L2 Distance,Cosine Similarity
0-1,21.61155128479004,0.42391377687454224
0-2,20.072301864624023,0.4897534251213074
0-3,20.872886657714844,0.4589032530784607
1-2,13.833977699279785,0.7840709686279297
1-3,14.08780288696289,0.7795376777648926
2-3,12.282651901245117,0.8286287784576416
Min L2,12.282651901245117,
Avg L2,17.126862049102783,
Min Cos,,0.42391377687454224
Avg Cos,,0.6274679799874624
