Passage Pair,L2 Distance,Cosine Similarity
0-1,11.292947769165039,0.8483995199203491
0-2,19.08426284790039,0.5320835113525391
0-3,10.368158340454102,0.8717247247695923
1-2,19.130783081054688,0.5472952127456665
1-3,11.475068092346191,0.8475257158279419
2-3,18.569271087646484,0.5718351602554321
Min L2,10.368158340454102,
Avg L2,14.986748536427816,
Min Cos,,0.5320835113525391
Avg Cos,,0.7031439741452535
