Passage Pair,L2 Distance,Cosine Similarity
0-1,12.083857536315918,0.7784885168075562
0-2,17.133020401000977,0.5621215105056763
0-3,15.164963722229004,0.640902042388916
1-2,17.350807189941406,0.5450998544692993
1-3,12.93751335144043,0.7349373698234558
2-3,17.140213012695312,0.5430130958557129
Min L2,12.083857536315918,
Avg L2,15.301729202270508,
Min Cos,,0.5430130958557129
Avg Cos,,0.6340937316417694
