Passage Pair,L2 Distance,Cosine Similarity
0-1,17.997304916381836,0.5801634788513184
0-2,17.797569274902344,0.5598800778388977
0-3,17.944011688232422,0.5552172064781189
1-2,13.547679901123047,0.7555656433105469
1-3,12.866963386535645,0.7807331085205078
2-3,12.892583847045898,0.7618671655654907
Min L2,12.866963386535645,
Avg L2,15.5076855023702,
Min Cos,,0.5552172064781189
Avg Cos,,0.6655711134274801
