Passage Pair,L2 Distance,Cosine Similarity
0-1,14.648808479309082,0.7082688808441162
0-2,17.640226364135742,0.5438485145568848
0-3,15.00649642944336,0.7008088231086731
1-2,17.980052947998047,0.5139287710189819
1-3,17.793441772460938,0.570917546749115
2-3,18.158456802368164,0.5182163715362549
Min L2,14.648808479309082,
Avg L2,16.87124713261922,
Min Cos,,0.5139287710189819
Avg Cos,,0.5926648179690043
