Passage Pair,L2 Distance,Cosine Similarity
0-1,11.027710914611816,0.8416059613227844
0-2,13.30834674835205,0.7597339153289795
0-3,17.739044189453125,0.5541276335716248
1-2,11.907147407531738,0.8196499347686768
1-3,18.554384231567383,0.5450667142868042
2-3,16.11960792541504,0.6449796557426453
Min L2,11.027710914611816,
Avg L2,14.776040236155191,
Min Cos,,0.5450667142868042
Avg Cos,,0.6941939691702524
