Passage Pair,L2 Distance,Cosine Similarity
0-1,19.52439308166504,0.46147480607032776
0-2,17.154035568237305,0.5809688568115234
0-3,15.861404418945312,0.6364972591400146
1-2,19.4281005859375,0.43993884325027466
1-3,18.02740478515625,0.5095036029815674
2-3,15.966487884521484,0.611505389213562
Min L2,15.861404418945312,
Avg L2,17.66030438741048,
Min Cos,,0.43993884325027466
Avg Cos,,0.5399814595778784
