Passage Pair,L2 Distance,Cosine Similarity
0-1,16.564294815063477,0.6119812726974487
0-2,16.646081924438477,0.6069976091384888
0-3,18.078216552734375,0.5556318759918213
1-2,12.91102123260498,0.7508268356323242
1-3,12.289207458496094,0.7852185964584351
2-3,13.902850151062012,0.7240941524505615
Min L2,12.289207458496094,
Avg L2,15.065278689066568,
Min Cos,,0.5556318759918213
Avg Cos,,0.6724583903948466
