Passage Pair,L2 Distance,Cosine Similarity
0-1,13.507599830627441,0.7373935580253601
0-2,17.606979370117188,0.5565133094787598
0-3,11.644979476928711,0.8070985078811646
1-2,17.35136604309082,0.5506853461265564
1-3,12.290542602539062,0.7757114768028259
2-3,18.30350685119629,0.5063905119895935
Min L2,11.644979476928711,
Avg L2,15.117495695749918,
Min Cos,,0.5063905119895935
Avg Cos,,0.6556321183840433
