Passage Pair,L2 Distance,Cosine Similarity
0-1,10.166379928588867,0.8617957830429077
0-2,20.801227569580078,0.40449658036231995
0-3,8.461087226867676,0.9056199789047241
1-2,21.473997116088867,0.341924786567688
1-3,10.897998809814453,0.8379604816436768
2-3,20.675615310668945,0.4007338881492615
Min L2,8.461087226867676,
Avg L2,15.412717660268148,
Min Cos,,0.341924786567688
Avg Cos,,0.6254219164450964
