Passage Pair,L2 Distance,Cosine Similarity
0-1,17.230974197387695,0.6489856839179993
0-2,16.83136749267578,0.6645723581314087
0-3,17.348398208618164,0.6439744234085083
1-2,12.768494606018066,0.7844251990318298
1-3,12.536432266235352,0.7926838994026184
2-3,12.264996528625488,0.8009788990020752
Min L2,12.264996528625488,
Avg L2,14.830110549926758,
Min Cos,,0.6439744234085083
Avg Cos,,0.7226034104824066
