Passage Pair,L2 Distance,Cosine Similarity
0-1,12.126529693603516,0.7904083132743835
0-2,18.20909309387207,0.5703082084655762
0-3,13.919917106628418,0.732563316822052
1-2,18.30060386657715,0.5656337738037109
1-3,12.097118377685547,0.7979751825332642
2-3,18.45171546936035,0.5695660710334778
Min L2,12.097118377685547,
Avg L2,15.517496267954508,
Min Cos,,0.5656337738037109
Avg Cos,,0.6710758109887441
