Passage Pair,L2 Distance,Cosine Similarity
0-1,18.85817527770996,0.5239090919494629
0-2,19.397951126098633,0.49220162630081177
0-3,18.727712631225586,0.5433281064033508
1-2,12.159555435180664,0.8178838491439819
1-3,11.564085960388184,0.8400969505310059
2-3,13.312859535217285,0.786832332611084
Min L2,11.564085960388184,
Avg L2,15.670056660970053,
Min Cos,,0.49220162630081177
Avg Cos,,0.6673753261566162
