Passage Pair,L2 Distance,Cosine Similarity
0-1,18.535842895507812,0.5388378500938416
0-2,17.943618774414062,0.5979791879653931
0-3,21.738615036010742,0.34504663944244385
1-2,15.895960807800293,0.6792844533920288
1-3,20.826120376586914,0.3852795958518982
2-3,22.156005859375,0.3559594452381134
Min L2,15.895960807800293,
Avg L2,19.516027291615803,
Min Cos,,0.34504663944244385
Avg Cos,,0.4837311953306198
