Passage Pair,L2 Distance,Cosine Similarity
0-1,16.492435455322266,0.602428674697876
0-2,17.42156982421875,0.5361068844795227
0-3,16.914888381958008,0.5719790458679199
1-2,9.908073425292969,0.8510761260986328
1-3,11.872854232788086,0.7897740602493286
2-3,11.204878807067871,0.8037971258163452
Min L2,9.908073425292969,
Avg L2,13.969116687774658,
Min Cos,,0.5361068844795227
Avg Cos,,0.6925269862016042
