Passage Pair,L2 Distance,Cosine Similarity
0-1,17.317670822143555,0.5993866920471191
0-2,10.90329360961914,0.8474686145782471
0-3,12.16170597076416,0.8135713338851929
1-2,17.03279685974121,0.5876191854476929
1-3,17.544647216796875,0.5745160579681396
2-3,11.664559364318848,0.8190909624099731
Min L2,10.90329360961914,
Avg L2,14.437445640563965,
Min Cos,,0.5745160579681396
Avg Cos,,0.7069421410560608
