Passage Pair,L2 Distance,Cosine Similarity
0-1,10.190245628356934,0.8593930602073669
0-2,16.903955459594727,0.610866129398346
0-3,9.25501823425293,0.8846269845962524
1-2,15.867230415344238,0.6345571279525757
1-3,8.428576469421387,0.8971304893493652
2-3,15.904824256896973,0.6346419453620911
Min L2,8.428576469421387,
Avg L2,12.758308410644531,
Min Cos,,0.610866129398346
Avg Cos,,0.7535359561443329
