Passage Pair,L2 Distance,Cosine Similarity
0-1,11.321610450744629,0.8122377991676331
0-2,12.52441692352295,0.7791503071784973
0-3,18.861289978027344,0.47412046790122986
1-2,11.860535621643066,0.7964591383934021
1-3,18.425216674804688,0.48142847418785095
2-3,19.096879959106445,0.4670547842979431
Min L2,11.321610450744629,
Avg L2,15.34832493464152,
Min Cos,,0.4670547842979431
Avg Cos,,0.635075161854426
