Passage Pair,L2 Distance,Cosine Similarity
0-1,20.28538703918457,0.4771251380443573
0-2,21.432584762573242,0.4127521514892578
0-3,20.378639221191406,0.4426153302192688
1-2,11.456842422485352,0.832836925983429
1-3,10.965808868408203,0.8404338359832764
2-3,9.248397827148438,0.8859467506408691
Min L2,9.248397827148438,
Avg L2,15.627943356831869,
Min Cos,,0.4127521514892578
Avg Cos,,0.6486183553934097
