Passage Pair,L2 Distance,Cosine Similarity
0-1,17.182361602783203,0.54698246717453
0-2,14.114551544189453,0.7127465009689331
0-3,12.86678409576416,0.745018482208252
1-2,17.07598304748535,0.5738682746887207
1-3,16.949134826660156,0.5510256290435791
2-3,15.465433120727539,0.6495633125305176
Min L2,12.86678409576416,
Avg L2,15.609041372934977,
Min Cos,,0.54698246717453
Avg Cos,,0.6298674444357554
