Passage Pair,L2 Distance,Cosine Similarity
0-1,17.043991088867188,0.5998789668083191
0-2,16.871456146240234,0.6021988987922668
0-3,17.749610900878906,0.5453555583953857
1-2,15.618471145629883,0.673092782497406
1-3,18.050586700439453,0.5504664778709412
2-3,17.538036346435547,0.5694745779037476
Min L2,15.618471145629883,
Avg L2,17.145358721415203,
Min Cos,,0.5453555583953857
Avg Cos,,0.5900778770446777
