Passage Pair,L2 Distance,Cosine Similarity
0-1,19.09630584716797,0.4968322515487671
0-2,13.41904067993164,0.7642081379890442
0-3,13.282812118530273,0.77997887134552
1-2,20.212617874145508,0.46216684579849243
1-3,19.512380599975586,0.5199732780456543
2-3,13.09326457977295,0.7931351065635681
Min L2,13.09326457977295,
Avg L2,16.436070283253986,
Min Cos,,0.46216684579849243
Avg Cos,,0.6360490818818411
