Passage Pair,L2 Distance,Cosine Similarity
0-1,19.389436721801758,0.5098956227302551
0-2,20.152223587036133,0.45752769708633423
0-3,17.87264633178711,0.5706562995910645
1-2,19.976909637451172,0.4780929684638977
1-3,18.63416290283203,0.5432294607162476
2-3,19.577749252319336,0.48309528827667236
Min L2,17.87264633178711,
Avg L2,19.26718807220459,
Min Cos,,0.45752769708633423
Avg Cos,,0.5070828894774119
