Passage Pair,L2 Distance,Cosine Similarity
0-1,15.228843688964844,0.6411564350128174
0-2,15.69236946105957,0.6249436736106873
0-3,10.124321937561035,0.8376510739326477
1-2,17.366167068481445,0.5618308186531067
1-3,15.306985855102539,0.647240161895752
2-3,15.721424102783203,0.6333576440811157
Min L2,10.124321937561035,
Avg L2,14.90668535232544,
Min Cos,,0.5618308186531067
Avg Cos,,0.6576966345310211
