Passage Pair,L2 Distance,Cosine Similarity
0-1,10.707503318786621,0.8471331596374512
0-2,19.070941925048828,0.5656411647796631
0-3,9.482844352722168,0.8888826370239258
1-2,19.606456756591797,0.5346218943595886
1-3,11.250356674194336,0.8414410352706909
2-3,18.435514450073242,0.6111128330230713
Min L2,9.482844352722168,
Avg L2,14.758936246236166,
Min Cos,,0.5346218943595886
Avg Cos,,0.7148054540157318
