Passage Pair,L2 Distance,Cosine Similarity
0-1,16.6229305267334,0.5831046104431152
0-2,16.20585060119629,0.592354953289032
0-3,15.79782772064209,0.6136491894721985
1-2,10.790369987487793,0.8273829221725464
1-3,10.670310974121094,0.8315707445144653
2-3,8.661818504333496,0.8858480453491211
Min L2,8.661818504333496,
Avg L2,13.12485138575236,
Min Cos,,0.5831046104431152
Avg Cos,,0.7223184108734131
