Passage Pair,L2 Distance,Cosine Similarity
0-1,17.008934020996094,0.6280624866485596
0-2,13.184115409851074,0.7774940729141235
0-3,13.684806823730469,0.7537564039230347
1-2,16.739383697509766,0.6379629373550415
1-3,16.9284725189209,0.6190962791442871
2-3,11.989130020141602,0.8100528717041016
Min L2,11.989130020141602,
Avg L2,14.922473748524984,
Min Cos,,0.6190962791442871
Avg Cos,,0.7044041752815247
