Passage Pair,L2 Distance,Cosine Similarity
0-1,18.750852584838867,0.5443267822265625
0-2,17.313161849975586,0.6151681542396545
0-3,16.826583862304688,0.6402807831764221
1-2,10.256512641906738,0.8632203340530396
1-3,11.557374954223633,0.8282656669616699
2-3,11.098640441894531,0.843011736869812
Min L2,10.256512641906738,
Avg L2,14.30052105585734,
Min Cos,,0.5443267822265625
Avg Cos,,0.7223789095878601
