Passage Pair,L2 Distance,Cosine Similarity
0-1,15.520258903503418,0.6385373473167419
0-2,15.409677505493164,0.6491342782974243
0-3,15.613149642944336,0.6467754244804382
1-2,7.884646892547607,0.9040515422821045
1-3,8.057306289672852,0.9023953676223755
2-3,9.351107597351074,0.8700358271598816
Min L2,7.884646892547607,
Avg L2,11.97269113858541,
Min Cos,,0.6385373473167419
Avg Cos,,0.7684882978598276
