Passage Pair,L2 Distance,Cosine Similarity
0-1,20.70345115661621,0.46337372064590454
0-2,19.497440338134766,0.5396703481674194
0-3,19.724153518676758,0.5105178356170654
1-2,14.377229690551758,0.7520557641983032
1-3,16.10240364074707,0.6767858266830444
2-3,15.92248821258545,0.6944509744644165
Min L2,14.377229690551758,
Avg L2,17.72119442621867,
Min Cos,,0.46337372064590454
Avg Cos,,0.6061424116293589
