Passage Pair,L2 Distance,Cosine Similarity
0-1,14.609973907470703,0.6702651977539062
0-2,8.154136657714844,0.8988195657730103
0-3,8.025243759155273,0.9039363861083984
1-2,14.307567596435547,0.6788605451583862
1-3,14.941699981689453,0.6575167179107666
2-3,9.319130897521973,0.8687680959701538
Min L2,8.025243759155273,
Avg L2,11.559625466664633,
Min Cos,,0.6575167179107666
Avg Cos,,0.7796944181124369
