Passage Pair,L2 Distance,Cosine Similarity
0-1,11.561861038208008,0.8236032128334045
0-2,17.095182418823242,0.640505313873291
0-3,11.149332046508789,0.8343104720115662
1-2,17.8843994140625,0.6066756248474121
1-3,11.659626960754395,0.8189834356307983
2-3,17.696102142333984,0.6116647720336914
Min L2,11.149332046508789,
Avg L2,14.507750670115152,
Min Cos,,0.6066756248474121
Avg Cos,,0.7226238052050272
