Passage Pair,L2 Distance,Cosine Similarity
0-1,17.514163970947266,0.6015897989273071
0-2,18.211620330810547,0.5775972604751587
0-3,17.34901237487793,0.6085548996925354
1-2,11.381593704223633,0.8261737823486328
1-3,11.694113731384277,0.8118617534637451
2-3,10.946821212768555,0.8389986157417297
Min L2,10.946821212768555,
Avg L2,14.516220887502035,
Min Cos,,0.5775972604751587
Avg Cos,,0.7107960184415182
