Passage Pair,L2 Distance,Cosine Similarity
0-1,11.096900939941406,0.8232114315032959
0-2,15.632491111755371,0.6446961164474487
0-3,8.34801197052002,0.8991533517837524
1-2,15.237468719482422,0.655289888381958
1-3,10.923434257507324,0.8231126070022583
2-3,15.295337677001953,0.648491621017456
Min L2,8.34801197052002,
Avg L2,12.75560744603475,
Min Cos,,0.6446961164474487
Avg Cos,,0.7489925026893616
