Passage Pair,L2 Distance,Cosine Similarity
0-1,19.437326431274414,0.4659616947174072
0-2,19.30416488647461,0.4720365107059479
0-3,18.49382209777832,0.5035457611083984
1-2,10.828274726867676,0.8527833819389343
1-3,10.807723999023438,0.8505865335464478
2-3,11.280770301818848,0.8368300199508667
Min L2,10.807723999023438,
Avg L2,15.025347073872885,
Min Cos,,0.4659616947174072
Avg Cos,,0.6636239836613337
