Passage Pair,L2 Distance,Cosine Similarity
0-1,12.214922904968262,0.8059699535369873
0-2,10.236991882324219,0.8589462041854858
0-3,17.306686401367188,0.6193692684173584
1-2,12.765266418457031,0.778666079044342
1-3,18.80851936340332,0.548189640045166
2-3,17.98948097229004,0.5706822276115417
Min L2,10.236991882324219,
Avg L2,14.886977990468344,
Min Cos,,0.548189640045166
Avg Cos,,0.6969705621401469
