Passage Pair,L2 Distance,Cosine Similarity
0-1,18.940223693847656,0.5311653017997742
0-2,15.572869300842285,0.6875646114349365
0-3,12.220643043518066,0.8091131448745728
1-2,19.29207420349121,0.5237257480621338
1-3,19.7666015625,0.5034170150756836
2-3,15.845407485961914,0.6851249933242798
Min L2,12.220643043518066,
Avg L2,16.939636548360188,
Min Cos,,0.5034170150756836
Avg Cos,,0.6233518024285635
