Passage Pair,L2 Distance,Cosine Similarity
0-1,17.963090896606445,0.5346128344535828
0-2,18.383575439453125,0.541824221611023
0-3,18.648733139038086,0.5552026033401489
1-2,12.226075172424316,0.8033689260482788
1-3,15.77837085723877,0.690237283706665
2-3,14.711121559143066,0.7419582605361938
Min L2,12.226075172424316,
Avg L2,16.285161177317303,
Min Cos,,0.5346128344535828
Avg Cos,,0.6445340216159821
