Passage Pair,L2 Distance,Cosine Similarity
0-1,17.944032669067383,0.5450358986854553
0-2,17.91933822631836,0.5562877655029297
0-3,18.23261833190918,0.5347166657447815
1-2,12.28516960144043,0.7988059520721436
1-3,12.417360305786133,0.791940450668335
2-3,12.762320518493652,0.7846062183380127
Min L2,12.28516960144043,
Avg L2,15.26013994216919,
Min Cos,,0.5347166657447815
Avg Cos,,0.6685654918352762
