Passage Pair,L2 Distance,Cosine Similarity
0-1,19.31059455871582,0.4889943599700928
0-2,19.01064682006836,0.4987885057926178
0-3,17.229736328125,0.5917335748672485
1-2,14.573958396911621,0.7120983600616455
1-3,13.789740562438965,0.7442629337310791
2-3,12.200614929199219,0.797505795955658
Min L2,12.200614929199219,
Avg L2,16.019215265909832,
Min Cos,,0.4889943599700928
Avg Cos,,0.638897255063057
