Passage Pair,L2 Distance,Cosine Similarity
0-1,10.494169235229492,0.8569939136505127
0-2,17.10757827758789,0.6404134631156921
0-3,9.29432487487793,0.8817393779754639
1-2,16.705854415893555,0.664191484451294
1-3,9.927746772766113,0.8693897128105164
2-3,17.02254295349121,0.6359460353851318
Min L2,9.29432487487793,
Avg L2,13.425369421641031,
Min Cos,,0.6359460353851318
Avg Cos,,0.7581123312314352
